"uniqueSampleKey","uniquePatientKey","molecularProfileId","sampleId","patientId","entrezGeneId","studyId","center","mutationStatus","validationStatus","startPosition","endPosition","referenceAllele","proteinChange","mutationType","functionalImpactScore","fisValue","linkXvar","linkPdb","linkMsa","ncbiBuild","variantType","keyword","chr","variantAllele","refseqMrnaId","proteinPosStart","proteinPosEnd","hugoGeneSymbol","type"
"VENHQS0wNS00NDMzLTAxOmx1YWRfdGNnYQ","VENHQS0wNS00NDMzOmx1YWRfdGNnYQ","luad_tcga_mutations","TCGA-05-4433-01","TCGA-05-4433",440275,"luad_tcga","broad.mit.edu","Somatic","NA",40284374,40284374,"A","X878_splice","Splice_Site","",1.4013e-45,"","","","GRCh37","SNP","EIF2AK4 truncating","15","G","NM_001013703.2",878,878,"EIF2AK4","protein-coding"
"VENHQS01MC01OTMyLTAxOmx1YWRfdGNnYQ","VENHQS01MC01OTMyOmx1YWRfdGNnYQ","luad_tcga_mutations","TCGA-50-5932-01","TCGA-50-5932",440275,"luad_tcga","broad.mit.edu","Somatic","NA",40284993,40284993,"A","T904S","Missense_Mutation","",1.4013e-45,"","","","GRCh37","SNP","EIF2AK4 T904 missense","15","T","NM_001013703.2",904,904,"EIF2AK4","protein-coding"
"VENHQS01NS02OTgzLTAxOmx1YWRfdGNnYQ","VENHQS01NS02OTgzOmx1YWRfdGNnYQ","luad_tcga_mutations","TCGA-55-6983-01","TCGA-55-6983",440275,"luad_tcga","broad.mit.edu","Somatic","NA",40268969,40268969,"G","A725Pfs*66","Frame_Shift_Del","",1.4013e-45,"","","","GRCh37","DEL","EIF2AK4 truncating","15","-","NM_001013703.2",725,725,"EIF2AK4","protein-coding"
"VENHQS05NS03NTY3LTAxOmx1YWRfdGNnYQ","VENHQS05NS03NTY3Omx1YWRfdGNnYQ","luad_tcga_mutations","TCGA-95-7567-01","TCGA-95-7567",440275,"luad_tcga","broad.mit.edu","Somatic","NA",40284431,40284431,"G","X896_splice","Splice_Site","",1.4013e-45,"","","","GRCh37","SNP","EIF2AK4 truncating","15","A","NM_001013703.2",896,896,"EIF2AK4","protein-coding"
"VENHQS1DOC1BMjZZLTAxOmJyY2FfdGNnYQ","VENHQS1DOC1BMjZZOmJyY2FfdGNnYQ","brca_tcga_mutations","TCGA-C8-A26Y-01","TCGA-C8-A26Y",440275,"brca_tcga","genome.wustl.edu","Somatic","Untested",40235627,40235627,"G","E101K","Missense_Mutation","",1.4013e-45,"","","","GRCh37","SNP","EIF2AK4 E101 missense","15","A","NM_001013703.2",101,101,"EIF2AK4","protein-coding"
"VENHQS1BQy1BMjNILTAxOmJyY2FfdGNnYQ","VENHQS1BQy1BMjNIOmJyY2FfdGNnYQ","brca_tcga_mutations","TCGA-AC-A23H-01","TCGA-AC-A23H",440275,"brca_tcga","genome.wustl.edu","Somatic","Untested",40301923,40301923,"G","D1229N","Missense_Mutation","",1.4013e-45,"","","","GRCh37","SNP","EIF2AK4 D1229 missense","15","A","NM_001013703.2",1229,1229,"EIF2AK4","protein-coding"
"VENHQS1BQy1BMjNILTAxOmJyY2FfdGNnYQ","VENHQS1BQy1BMjNIOmJyY2FfdGNnYQ","brca_tcga_mutations","TCGA-AC-A23H-01","TCGA-AC-A23H",440275,"brca_tcga","genome.wustl.edu","Somatic","Untested",40308739,40308739,"G","D1266N","Missense_Mutation","",1.4013e-45,"","","","GRCh37","SNP","EIF2AK4 D1266 missense","15","A","NM_001013703.2",1266,1266,"EIF2AK4","protein-coding"
"VENHQS1BTy1BMUtSLTAxOmJyY2FfdGNnYQ","VENHQS1BTy1BMUtSOmJyY2FfdGNnYQ","brca_tcga_mutations","TCGA-AO-A1KR-01","TCGA-AO-A1KR",440275,"brca_tcga","genome.wustl.edu","Somatic","Untested",40265856,40265856,"T","F575S","Missense_Mutation","",1.4013e-45,"","","","GRCh37","SNP","EIF2AK4 F575 missense","15","C","NM_001013703.2",575,575,"EIF2AK4","protein-coding"
"VENHQS1HTS1BMkQ5LTAxOmJyY2FfdGNnYQ","VENHQS1HTS1BMkQ5OmJyY2FfdGNnYQ","brca_tcga_mutations","TCGA-GM-A2D9-01","TCGA-GM-A2D9",440275,"brca_tcga","genome.wustl.edu","Somatic","Untested",40259885,40259885,"T","I453S","Missense_Mutation","",1.4013e-45,"","","","GRCh37","SNP","EIF2AK4 I453 missense","15","G","NM_001013703.2",453,453,"EIF2AK4","protein-coding"
"VENHQS1EOC1BMUpLLTAxOmJyY2FfdGNnYQ","VENHQS1EOC1BMUpLOmJyY2FfdGNnYQ","brca_tcga_mutations","TCGA-D8-A1JK-01","TCGA-D8-A1JK",440275,"brca_tcga","genome.wustl.edu","Somatic","Untested",40246168,40246168,"A","K193*","Nonsense_Mutation","",1.4013e-45,"","","","GRCh37","SNP","EIF2AK4 truncating","15","T","NM_001013703.2",193,193,"EIF2AK4","protein-coding"
"VENHQS1EOC1BMUpMLTAxOmJyY2FfdGNnYQ","VENHQS1EOC1BMUpMOmJyY2FfdGNnYQ","brca_tcga_mutations","TCGA-D8-A1JL-01","TCGA-D8-A1JL",440275,"brca_tcga","genome.wustl.edu","Somatic","Untested",40308734,40308734,"A","K1264T","Missense_Mutation","",1.4013e-45,"","","","GRCh37","SNP","EIF2AK4 K1264 missense","15","C","NM_001013703.2",1264,1264,"EIF2AK4","protein-coding"
"VENHQS1EOC1BMjdULTAxOmJyY2FfdGNnYQ","VENHQS1EOC1BMjdUOmJyY2FfdGNnYQ","brca_tcga_mutations","TCGA-D8-A27T-01","TCGA-D8-A27T",440275,"brca_tcga","genome.wustl.edu","Somatic","Untested",40295488,40295488,"G","M1110I","Missense_Mutation","",1.4013e-45,"","","","GRCh37","SNP","EIF2AK4 M1110 missense","15","T","NM_001013703.2",1110,1110,"EIF2AK4","protein-coding"
"VENHQS1BTy1BMTJFLTAxOmJyY2FfdGNnYQ","VENHQS1BTy1BMTJFOmJyY2FfdGNnYQ","brca_tcga_mutations","TCGA-AO-A12E-01","TCGA-AO-A12E",440275,"brca_tcga","genome.wustl.edu","Somatic","Untested",40259951,40259951,"C","T475M","Missense_Mutation","",1.4013e-45,"","","","GRCh37","SNP","EIF2AK4 T475 missense","15","T","NM_001013703.2",475,475,"EIF2AK4","protein-coding"
"VENHQS1BQS0zOTc3LTAxOmNvYWRyZWFkX3RjZ2E","VENHQS1BQS0zOTc3OmNvYWRyZWFkX3RjZ2E","coadread_tcga_mutations","TCGA-AA-3977-01","TCGA-AA-3977",440275,"coadread_tcga","broad.mit.edu","Somatic","Valid",40259920,40259920,"C","R465C","Missense_Mutation","",1.4013e-45,"","","","GRCh37","SNP","EIF2AK4 R465 missense","15","T","NM_001013703.2",465,465,"EIF2AK4","protein-coding"
"VENHQS1BQS0zODY0LTAxOmNvYWRyZWFkX3RjZ2E","VENHQS1BQS0zODY0OmNvYWRyZWFkX3RjZ2E","coadread_tcga_mutations","TCGA-AA-3864-01","TCGA-AA-3864",440275,"coadread_tcga","broad.mit.edu","Somatic","Valid",40231721,40231721,"G","E54K","Missense_Mutation","",1.4013e-45,"","","","GRCh37","SNP","EIF2AK4 E54 missense","15","A","NM_001013703.2",54,54,"EIF2AK4","protein-coding"
"VENHQS1BQS0zNjgxLTAxOmNvYWRyZWFkX3RjZ2E","VENHQS1BQS0zNjgxOmNvYWRyZWFkX3RjZ2E","coadread_tcga_mutations","TCGA-AA-3681-01","TCGA-AA-3681",440275,"coadread_tcga","broad.mit.edu","Somatic","Valid",40324401,40324401,"A","N1564S","Missense_Mutation","",1.4013e-45,"","","","GRCh37","SNP","EIF2AK4 N1564 missense","15","G","NM_001013703.2",1564,1564,"EIF2AK4","protein-coding"
"VENHQS1BQS0zODY0LTAxOmNvYWRyZWFkX3RjZ2E","VENHQS1BQS0zODY0OmNvYWRyZWFkX3RjZ2E","coadread_tcga_mutations","TCGA-AA-3864-01","TCGA-AA-3864",440275,"coadread_tcga","broad.mit.edu","Somatic","Valid",40259936,40259936,"C","A470V","Missense_Mutation","",1.4013e-45,"","","","GRCh37","SNP","EIF2AK4 A470 missense","15","T","NM_001013703.2",470,470,"EIF2AK4","protein-coding"
"VENHQS1BQS1BMDI0LTAxOmNvYWRyZWFkX3RjZ2E","VENHQS1BQS1BMDI0OmNvYWRyZWFkX3RjZ2E","coadread_tcga_mutations","TCGA-AA-A024-01","TCGA-AA-A024",440275,"coadread_tcga","broad.mit.edu","Somatic","Unknown",40268931,40268932,"-","S714Hfs*21","Frame_Shift_Ins","",1.4013e-45,"","","","GRCh37","INS","EIF2AK4 truncating","15","CACT","NM_001013703.2",712,714,"EIF2AK4","protein-coding"
"VENHQS1BRy1BMDAyLTAxOmNvYWRyZWFkX3RjZ2E","VENHQS1BRy1BMDAyOmNvYWRyZWFkX3RjZ2E","coadread_tcga_mutations","TCGA-AG-A002-01","TCGA-AG-A002",440275,"coadread_tcga","broad.mit.edu","Somatic","Unknown",40265918,40265918,"C","L596I","Missense_Mutation","",1.4013e-45,"","","","GRCh37","SNP","EIF2AK4 L596 missense","15","A","NM_001013703.2",596,596,"EIF2AK4","protein-coding"
